NUM,ID,STAMP,Pressure_IP,Pressure_MCPB,Pressure_MCPAL,Pressure_MCPAR,EGaIn_DIP,EGaIn_PIP,EGaIn_MCPL,EGaIn_MCPR,FORCE1,FORCE2,FORCE3,FORCE4,DIP_Pitch,DIP_Yaw,DIP_Roll,DIP_X,DIP_Y,DIP_Z,PIP_Pitch,PIP_Yaw,PIP_Roll,PIP_X,PIP_Y,PIP_Z,MCP_Pitch,MCP_Yaw,MCP_Roll,MCP_X,MCP_Y,MCP_Z,T_Force_X,T_Force_Y,T_Force_Z,T_Torque_X,T_Torque_Y,T_Torque_Z
1,0,0,0,0,0,0,0,0,0,0,0,0,0,0,0.115207,-0.49077,-0.888898,-27.5639,18.4613,1.6898,0.00798118,0.168233,-0.443442,-34.7951,11.5588,3.26831,0.168964,0.0926107,-0.0648252,-51.8809,10.8389,0.165635,0,0,0,0,0,0
2,0,0,0,0,0,0,0,0,0,0,0,0,0,0,0.000336,-0.470108,-1.13292,-27.5778,18.3529,1.42144,0.0885473,0.178852,-0.197558,-34.9251,11.8649,3.0543,0.168192,0.206011,-0.102764,-51.9024,10.7754,0.187272,0,0,0,0,0,0
3,0,0,0,0,0,0,0,0,0,0,0,0,0,0,-0.0480235,-0.595497,-1.10384,-27.5235,18.6418,1.27408,0.125679,0.214327,-0.223611,-34.9507,11.7582,3.13287,0.0722862,0.108287,-0.175901,-51.8549,10.6272,0.310296,0,0,0,0,0,0
4,0,0,0,0,0,0,0,0,0,0,0,0,0,0,0.064422,-0.565455,-0.795678,-27.5309,18.699,1.49725,0.0103624,0.181459,-0.265372,-34.9134,11.818,2.99068,0.0574047,0.113218,-0.204636,-51.6983,10.4274,0.576256,0,0,0,0,0,0
5,0,0,0,0,0,0,0,0,0,0,0,0,0,0,-0.0231618,-0.523938,-1.08564,-27.5383,18.4848,1.35753,0.0893902,0.230767,-0.155586,-34.9032,11.7401,3.13569,0.164987,0.0422532,-0.0341288,-52.0219,11.0444,-0.0813764,0,0,0,0,0,0
6,0,0,0,0,0,0,0,0,0,0,0,0,0,0,0.0549772,-0.436966,-0.917246,-27.588,18.4708,1.43275,0.136185,0.14368,-0.288727,-34.8718,11.8346,3.1908,0.0568714,0.0751722,-0.118706,-51.7934,10.6265,0.301147,0,0,0,0,0,0
7,0,0,0,0,0,0,0,0,0,0,0,0,0,0,-0.0453464,-0.602084,-0.844629,-27.5285,18.7872,1.24699,0.183203,0.216505,-0.280188,-34.8931,11.6825,3.26945,-0.0706288,0.103973,-0.160563,-51.7344,10.5178,0.372713,0,0,0,0,0,0
8,0,0,0,0,0,0,0,0,0,0,0,0,0,0,-0.0453464,-0.602084,-0.844629,-27.5285,18.7872,1.24699,0.183203,0.216505,-0.280188,-34.8931,11.6825,3.26945,-0.0706288,0.103973,-0.160563,-51.7344,10.5178,0.372713,0,0,0,0,0,0
9,0,0,0,0,0,0,0,0,0,0,0,0,0,0,0.0155958,-0.544698,-0.904125,-27.5304,18.5756,1.45942,0.151095,0.261494,-0.168561,-34.9571,11.7745,3.10442,0.0408016,0.0479021,-0.119291,-51.8692,10.7688,0.178036,0,0,0,0,0,0
10,0,0,0,0,0,0,0,0,0,0,0,0,0,0,-0.00312953,-0.557439,-0.820155,-27.5713,18.72,1.29832,0.207936,0.303004,-0.362789,-34.8622,11.4228,3.46888,-0.0174554,0.125386,-0.17712,-51.8164,10.7533,0.180078,0,0,0,0,0,0
11,0,0,0,0,0,0,0,0,0,0,0,0,0,0,-0.0380334,-0.652797,-1.05243,-27.4948,18.7232,1.33103,0.0625147,0.343841,-0.380036,-34.8271,11.2983,3.39171,0.0551541,0.025978,-0.030312,-51.916,10.9755,0.0632185,0,0,0,0,0,0
12,0,0,0,0,0,0,0,0,0,0,0,0,0,0,0.13444,-0.519645,-0.725903,-27.5827,18.7756,1.40755,0.0913676,0.231052,-0.327807,-34.8496,11.5168,3.32272,0.150505,0.23977,-0.133782,-51.9504,10.8999,0.0289043,0,0,0,0,0,0
13,0,0,0,0,0,0,0,0,0,0,0,0,0,0,-0.0195124,-0.623386,-1.14022,-27.5126,18.6661,1.28797,0.103853,0.266593,-0.243041,-34.9175,11.6136,3.17431,0.182315,0.189275,-0.201008,-52.0214,11.0046,-0.100208,0,0,0,0,0,0
14,0,0,0,0,0,0,0,0,0,0,0,0,0,0,0.0403275,-0.576223,-0.857446,-27.5414,18.7791,1.32882,0.19205,0.222915,-0.209308,-34.9117,11.6881,3.26603,0.0755522,0.164557,-0.237777,-52.0142,10.9439,-0.0595749,0,0,0,0,0,0
15,0,0,0,0,0,0,0,0,0,0,0,0,0,0,0.099118,-0.502961,-0.940636,-27.5803,18.5662,1.51695,0.119537,0.181225,-0.236945,-34.9166,11.7824,3.15955,0.047038,0.12298,-0.157339,-51.8262,10.5982,0.326391,0,0,0,0,0,0
16,0,0,0,0,0,0,0,0,0,0,0,0,0,0,0.099118,-0.502961,-0.940636,-27.5803,18.5662,1.51695,0.119537,0.181225,-0.236945,-34.9166,11.7824,3.15955,0.047038,0.12298,-0.157339,-51.8262,10.5982,0.326391,0,0,0,0,0,0
17,0,0,0,0,0,0,0,0,0,0,0,0,0,0,0.254395,-0.427701,-0.712182,-27.6452,18.647,1.56721,-0.0303178,0.137851,-0.392721,-34.8411,11.6455,3.12857,0.11408,0.18274,-0.145403,-51.8238,10.6283,0.29065,0,0,0,0,0,0
18,0,0,0,0,0,0,0,0,0,0,0,0,0,0,0.0874271,-0.537629,-0.730609,-27.5646,18.7416,1.41783,-0.0621418,0.132919,-0.382909,-34.8037,11.5793,3.19802,0.19267,0.217414,-0.0397615,-51.9035,10.7829,0.185895,0,0,0,0,0,0
19,0,0,0,0,0,0,0,0,0,0,0,0,0,0,0.105301,-0.462213,-1.03219,-27.5561,18.3884,1.59581,0.0414212,0.183929,-0.340803,-34.8,11.6239,3.23932,0.193327,0.180702,-0.0490954,-52.0233,11.1353,-0.129619,0,0,0,0,0,0
20,0,0,0,0,0,0,0,0,0,0,0,0,0,0,-0.0391294,-0.575856,-0.996814,-27.511,18.6227,1.32757,0.094075,0.213702,-0.255201,-34.8678,11.6934,3.19024,0.0860763,0.0514333,-0.108325,-51.8142,10.7172,0.257041,0,0,0,0,0,0
21,0,0,0,0,0,0,0,0,0,0,0,0,0,0,-0.107609,-0.628178,-1.07822,-27.4879,18.7661,1.04056,0.10353,0.162637,-0.139538,-34.9249,11.8499,3.06453,0.213153,0.123382,-0.178973,-52.0182,10.8844,-0.0222531,0,0,0,0,0,0
22,0,0,0,0,0,0,0,0,0,0,0,0,0,0,0.0103817,-0.589251,-1.009,-27.4989,18.7501,1.25869,0.186335,0.302265,-0.193681,-34.9326,11.7169,3.14779,-0.0272919,0.090154,-0.249038,-51.7104,10.6253,0.336225,0,0,0,0,0,0
23,0,0,0,0,0,0,0,0,0,0,0,0,0,0,0.107296,-0.504659,-0.798108,-27.5726,18.7696,1.26854,0.115471,0.223752,-0.165481,-34.97,11.887,2.95213,-0.0146268,0.0765591,-0.171953,-51.7559,10.5474,0.348929,0,0,0,0,0,0
24,0,0,0,0,0,0,0,0,0,0,0,0,0,0,0.0454956,-0.479732,-0.975804,-27.5553,18.5399,1.32083,0.139976,0.237519,-0.100086,-34.9619,11.9125,2.96886,0.0502926,0.119042,-0.242388,-51.8625,10.7838,0.138646,0,0,0,0,0,0
25,0,0,0,0,0,0,0,0,0,0,0,0,0,0,0.0454956,-0.479732,-0.975804,-27.5553,18.5399,1.32083,0.139976,0.237519,-0.100086,-34.9619,11.9125,2.96886,0.0502926,0.119042,-0.242388,-51.8625,10.7838,0.138646,0,0,0,0,0,0
26,0,0,0,0,0,0,0,0,0,0,0,0,0,0,0.127042,-0.382829,-0.935768,-27.6217,18.4652,1.35488,0.0365721,0.146559,-0.267266,-34.8685,11.8505,3.02307,0.0681462,0.16742,-0.213237,-51.8864,10.8039,0.170513,0,0,0,0,0,0
27,0,0,0,0,0,0,0,0,0,0,0,0,0,0,0.36538,-0.435639,-0.863442,-27.6188,18.8807,1.35274,-0.0599872,0.220871,-0.336541,-34.8363,11.5406,3.11804,0.158818,0.0682444,0.0498525,-52.1559,11.3079,-0.346052,0,0,0,0,0,0
28,0,0,0,0,0,0,0,0,0,0,0,0,0,0,0.130815,-0.439003,-0.82703,-27.6203,18.7525,1.16732,0.0969038,0.225975,-0.193451,-34.9154,11.7859,3.07498,0.0233493,0.0174273,-0.166378,-51.7404,10.5546,0.387221,0,0,0,0,0,0
29,0,0,0,0,0,0,0,0,0,0,0,0,0,0,-0.0160137,-0.571701,-1.2394,-27.5717,18.756,0.986351,0.0999496,0.220214,-0.256599,-34.873,11.5774,3.30072,0.17164,0.134923,-0.100144,-51.9269,10.8192,0.0932506,0,0,0,0,0,0
30,0,0,0,0,0,0,0,0,0,0,0,0,0,0,0.158071,-0.42856,-0.915985,-27.6386,18.6921,1.27686,0.0671183,0.151119,-0.217607,-34.876,11.7646,3.15964,0.000727389,0.164321,-0.138174,-51.8792,10.7508,0.147656,0,0,0,0,0,0
31,0,0,0,0,0,0,0,0,0,0,0,0,0,0,0.0945461,-0.514476,-0.949038,-27.5721,18.6051,1.41232,0.0121658,0.233807,-0.361172,-34.8756,11.604,3.12344,0.113326,0.0886226,-0.139767,-51.9131,10.848,0.107947,0,0,0,0,0,0
32,0,0,0,0,0,0,0,0,0,0,0,0,0,0,0.0307238,-0.557314,-0.913676,-27.5584,18.792,1.22234,0.111053,0.192672,-0.326972,-34.8806,11.6428,3.25681,0.0154733,0.284565,-0.318579,-51.7106,10.5011,0.425701,0,0,0,0,0,0
33,0,0,0,0,0,0,0,0,0,0,0,0,0,0,0.0984122,-0.46566,-0.909845,-27.5948,18.573,1.43249,0.11843,0.183929,-0.294845,-34.926,11.8488,3.06098,0.0211102,0.044175,-0.148851,-51.913,10.8026,0.141181,0,0,0,0,0,0
34,0,0,0,0,0,0,0,0,0,0,0,0,0,0,0.120312,-0.49009,-0.728768,-27.6275,18.6195,1.57437,0.057784,0.24764,-0.380327,-34.9537,11.7225,3.04354,0.0476205,0.108939,-0.215908,-51.7859,10.5815,0.42868,0,0,0,0,0,0
35,0,0,0,0,0,0,0,0,0,0,0,0,0,0,0.146694,-0.483334,-0.993541,-27.6154,18.5306,1.61142,-0.0563312,0.193439,-0.276294,-34.9555,11.8192,2.91944,0.069723,0.0233279,-0.20909,-51.772,10.5303,0.52643,0,0,0,0,0,0
36,0,0,0,0,0,0,0,0,0,0,0,0,0,0,-0.0628753,-0.529056,-1.06705,-27.5948,18.6752,1.08155,-0.0318306,0.2254,-0.300082,-34.8966,11.6013,3.16186,0.0885586,0.0240381,-0.0746411,-51.9122,10.8116,0.259509,0,0,0,0,0,0
37,0,0,0,0,0,0,0,0,0,0,0,0,0,0,0.019401,-0.529149,-0.8293,-27.6208,18.6684,1.43511,0.204337,0.227422,-0.271355,-34.9881,11.7369,3.26693,0.141503,0.217419,-0.105069,-51.9293,10.6769,0.281369,0,0,0,0,0,0
38,0,0,0,0,0,0,0,0,0,0,0,0,0,0,0.154129,-0.47513,-0.936113,-27.646,18.5503,1.64655,-0.0145863,0.180644,-0.257703,-34.9637,11.7492,3.07221,0.0832979,0.151363,-0.186438,-51.879,10.6043,0.430871,0,0,0,0,0,0
39,0,0,0,0,0,0,0,0,0,0,0,0,0,0,-0.0285082,-0.518466,-0.943403,-27.62,18.6905,1.22807,0.122559,0.182535,-0.131957,-35.0379,11.983,3.00048,0.0559066,0.0804252,-0.123466,-51.8673,10.5278,0.457296,0,0,0,0,0,0
40,0,0,0,0,0,0,0,0,0,0,0,0,0,0,0.178103,-0.385296,-0.876557,-27.7167,18.4856,1.5791,-0.0220595,0.0491817,-0.220583,-34.9691,11.9407,3.03332,0.191254,0.292964,-0.178342,-52.1299,10.808,0.134018,0,0,0,0,0,0
41,0,0,0,0,0,0,0,0,0,0,0,0,0,0,0.0517589,-0.540822,-1.02986,-27.6688,18.9238,1.06352,-0.0134005,0.179299,-0.338079,-34.9916,11.6565,3.1848,0.086257,0.0878366,-0.119719,-52.1513,10.9558,0.0658447,0,0,0,0,0,0
42,0,0,0,0,0,0,0,0,0,0,0,0,0,0,0.0854021,-0.62138,-0.806957,-27.6003,19.0705,1.28532,0.00841813,0.229508,-0.266496,-34.9666,11.54,3.30151,0.206008,0.247323,-0.0851575,-52.1895,11.0782,0.013738,0,0,0,0,0,0
43,0,0,0,0,0,0,0,0,0,0,0,0,0,0,0.0969689,-0.474957,-0.879722,-27.6985,18.8075,1.21772,0.14024,0.237654,-0.222571,-35.0782,11.873,3.06439,0.0804113,0.126142,-0.248491,-51.9681,10.6727,0.320397,0,0,0,0,0,0
44,0,0,0,0,0,0,0,0,0,0,0,0,0,0,0.0934798,-0.578002,-0.725115,-27.6223,18.9462,1.39178,0.108633,0.265168,-0.334597,-35.0583,11.7719,3.08652,0.192946,0.181372,-0.141329,-52.1146,10.8951,0.156864,0,0,0,0,0,0
45,0,0,0,0,0,0,0,0,0,0,0,0,0,0,0.0934798,-0.578002,-0.725115,-27.6223,18.9462,1.39178,0.108633,0.265168,-0.334597,-35.0583,11.7719,3.08652,0.192946,0.181372,-0.141329,-52.1146,10.8951,0.156864,0,0,0,0,0,0
46,0,0,0,0,0,0,0,0,0,0,0,0,0,0,0.166437,-0.53936,-0.912099,-27.6675,18.9126,1.33847,0.101311,0.313254,-0.407599,-35.1446,11.8022,2.92193,-0.0302554,0.0089396,-0.171659,-51.9822,10.6426,0.364961,0,0,0,0,0,0
47,0,0,0,0,0,0,0,0,0,0,0,0,0,0,0.289125,-0.358817,-0.937848,-27.7343,18.8395,1.32551,0.0402013,0.910874,-0.224723,-35.2948,11.1417,2.9367,-0.0771187,1.01104,-0.315152,-52.1531,10.4295,0.258341,0,0,0,0,0,0
48,0,0,0,0,0,0,0,0,0,0,0,0,0,0,0.696863,-0.177892,-1.19715,-27.717,18.4212,2.1164,0.352362,1.02929,-0.630285,-35.2598,10.9455,3.31817,0.22046,1.17367,-0.190091,-52.2987,10.5702,0.0717421,0,0,0,0,0,0
49,0,0,0,0,0,0,0,0,0,0,0,0,0,0,0.506468,-0.336108,-1.17146,-27.7066,18.8316,1.51682,0.355269,1.35469,-0.713083,-35.2588,10.365,3.53072,0.916959,1.32173,-0.105671,-52.1263,10.528,0.370864,0,0,0,0,0,0
50,0,0,0,0,0,0,0,0,0,0,0,0,0,0,0.963528,-0.20369,-1.39293,-27.6668,18.7779,2.04954,0.364316,1.62952,-0.968321,-35.3131,10.149,3.35743,0.827764,1.46702,-0.0831836,-51.9102,10.2363,0.646764,0,0,0,0,0,0
51,0,0,0,0,0,0,0,0,0,0,0,0,0,0,0.480249,0.0833424,-1.17521,-27.9397,17.9895,1.61136,0.112197,1.46211,-0.29069,-35.3114,10.3099,3.31515,1.11844,1.9188,-0.0673443,-52.6209,11.0134,-0.310383,0,0,0,0,0,0
52,0,0,0,0,0,0,0,0,0,0,0,0,0,0,-0.504299,-0.448943,-0.631303,-27.8342,18.7481,0.464793,-0.338093,1.06474,-0.225952,-35.2059,10.3785,3.26635,-0.0383943,1.36155,-0.408174,-52.1675,10.201,0.521428,0,0,0,0,0,0
53,0,0,0,0,0,0,0,0,0,0,0,0,0,0,-0.504299,-0.448943,-0.631303,-27.8342,18.7481,0.464793,-0.338093,1.06474,-0.225952,-35.2059,10.3785,3.26635,-0.0383943,1.36155,-0.408174,-52.1675,10.201,0.521428,0,0,0,0,0,0
54,0,0,0,0,0,0,0,0,0,0,0,0,0,0,-0.846548,-0.0301075,-0.503337,-28.046,17.9588,-0.010942,-0.591117,1.0985,-0.18254,-35.1909,10.1153,3.1313,-0.762282,0.703537,-0.660653,-52.625,11.1102,-0.554918,0,0,0,0,0,0
55,0,0,0,0,0,0,0,0,0,0,0,0,0,0,-0.846548,-0.0301075,-0.503337,-28.046,17.9588,-0.010942,-1.2112,-2.58712,-1.4223,-35.2056,11.633,2.57809,-0.142195,4.38915,0.579102,-52.6103,9.59254,-0.00170951,0,0,0,0,0,0
56,0,0,0,0,0,0,0,0,0,0,0,0,0,0,-2.0446,-11.9633,-1.62533,-27.783,27.0323,-0.933276,-0.974106,6.37318,-0.257379,-35.763,3.95814,2.85586,0.818759,7.36205,0.536176,-52.3159,8.19385,0.64285,0,0,0,0,0,0
57,0,0,0,0,0,0,0,0,0,0,0,0,0,0,1.23588,1.06439,-0.470213,-28.1783,16.6381,3.22869,-0.0821691,7.9313,-0.14864,-36.5028,2.78288,2.94208,0.962555,7.663,0.442507,-52.4324,8.20317,0.447986,0,0,0,0,0,0
58,0,0,0,0,0,0,0,0,0,0,0,0,0,0,-1.51785,0.653372,-0.384054,-28.8682,17.3883,-1.06906,-0.0170521,6.76214,-0.322004,-36.6774,3.90828,3.83598,0.295719,7.62179,-0.823146,-52.0601,6.88474,2.15098,0,0,0,0,0,0
59,0,0,0,0,0,0,0,0,0,0,0,0,0,0,-0.860269,1.33094,-1.11447,-28.3541,15.609,-0.0689679,-2.01607,6.3562,-0.779484,-36.4543,4.1745,0.922797,-1.78759,6.03674,-0.601993,-53.0982,9.28545,-0.820779,0,0,0,0,0,0
60,0,0,0,0,0,0,0,0,0,0,0,0,0,0,-0.860269,1.33094,-1.11447,-28.3541,15.609,-0.0689679,-2.01607,6.3562,-0.779484,-36.4543,4.1745,0.922797,-1.78759,6.03674,-0.601993,-53.0982,9.28545,-0.820779,0,0,0,0,0,0
61,0,0,0,0,0,0,0,0,0,0,0,0,0,0,4.64378,4.01566,-47.0618,-25.4373,2.02815,-32.8263,-3.70603,7.88297,-1.37152,-36.3144,1.62341,-0.132984,-1.86032,6.43683,-0.428307,-53.1745,9.05873,-1.00793,0,0,0,0,0,0
62,0,0,0,0,0,0,0,0,0,0,0,0,0,0,-2.06617,0.595119,-1.32631,-27.6275,16.6016,-1.20127,-3.28656,9.18046,-1.46094,-36.8686,0.878534,-0.947111,-1.78537,7.49274,-0.36229,-53.295,8.71925,-0.934347,0,0,0,0,0,0
63,0,0,0,0,0,0,0,0,0,0,0,0,0,0,2.78553,4.75518,-45.2258,-23.1193,0.622595,-38.4391,-3.81243,9.96535,-1.76235,-36.6461,-0.485254,-1.04412,-2.01498,8.11406,-0.321496,-53.2981,8.42801,-0.9409,0,0,0,0,0,0
64,0,0,0,0,0,0,0,0,0,0,0,0,0,0,3.48331,4.95666,-46.0886,-22.1674,-0.203527,-42.8091,-4.57218,10.736,-2.35606,-36.0716,-2.15338,-0.861275,-2.06189,8.98187,-0.130879,-53.3768,8.2304,-1.00389,0,0,0,0,0,0
65,0,0,0,0,0,0,0,0,0,0,0,0,0,0,3.89227,1.97683,-45.2577,-22.7872,2.97656,-42.7659,-5.19509,12.7628,-3.28128,-35.528,-4.91974,-1.12277,-1.84795,9.93493,-0.0365787,-53.3005,7.81668,-0.785672,0,0,0,0,0,0
66,0,0,0,0,0,0,0,0,0,0,0,0,0,0,5.38576,-10.9612,17.6376,-38.0071,29.4343,-0.987398,-7.14536,24.3988,-66.2555,-20.3396,-30.8191,-43.0352,-1.39117,11.2369,0.0423644,-53.2691,7.25831,-0.651726,0,0,0,0,0,0
67,0,0,0,0,0,0,0,0,0,0,0,0,0,0,1.97595,-5.12268,-45.2244,-24.3297,10.0804,-44.6599,-4.15382,17.8666,-3.64047,-34.1697,-10.86,0.173268,-0.972889,11.9307,0.289375,-53.1163,6.65313,-0.187699,0,0,0,0,0,0
68,0,0,0,0,0,0,0,0,0,0,0,0,0,0,0.425849,-8.65878,-45.9884,-24.2648,12.5094,-44.6823,-2.61553,20.4741,-2.81536,-34.4995,-12.6901,-0.0190812,-0.961085,12.8592,0.228181,-52.8515,6.0541,0.0270685,0,0,0,0,0,0
69,0,0,0,0,0,0,0,0,0,0,0,0,0,0,0.425849,-8.65878,-45.9884,-24.2648,12.5094,-44.6823,-2.61553,20.4741,-2.81536,-34.4995,-12.6901,-0.0190812,-0.961085,12.8592,0.228181,-52.8515,6.0541,0.0270685,0,0,0,0,0,0
70,0,0,0,0,0,0,0,0,0,0,0,0,0,0,10.3335,-22.2108,16.2131,-48.4874,35.9167,6.42056,-12.7365,33.7112,-65.2584,-9.81179,-36.4422,-50.6229,-0.74773,13.1742,0.469745,-53.3166,6.399,-0.471956,0,0,0,0,0,0
71,0,0,0,0,0,0,0,0,0,0,0,0,0,0,1.297,-14.839,-44.4867,-28.0464,20.0519,-45.8692,-3.66149,25.8485,-4.7974,-30.5305,-20.0869,1.33878,-0.786274,13.6651,0.708589,-53.0389,5.90842,-0.143862,0,0,0,0,0,0
72,0,0,0,0,0,0,0,0,0,0,0,0,0,0,-2.00873,-23.5761,-45.6472,-30.8523,27.5489,-47.7491,-1.15981,32.4372,-3.92119,-27.6276,-26.7583,3.03997,0.0177708,15.8135,0.992819,-53.1359,5.08284,0.0348513,0,0,0,0,0,0
73,0,0,0,0,0,0,0,0,0,0,0,0,0,0,-2.83415,-26.9093,-46.7322,-32.4566,30.6016,-48.5731,-0.592627,35.314,-3.36959,-25.8564,-29.8873,3.99502,0.276012,16.2699,1.52626,-53.3028,5.15925,-0.0961761,0,0,0,0,0,0
74,0,0,0,0,0,0,0,0,0,0,0,0,0,0,-2.83415,-26.9093,-46.7322,-32.4566,30.6016,-48.5731,-0.592627,35.314,-3.36959,-25.8564,-29.8873,3.99502,0.276012,16.2699,1.52626,-53.3028,5.15925,-0.0961761,0,0,0,0,0,0
75,0,0,0,0,0,0,0,0,0,0,0,0,0,0,-3.25332,-30.4426,-46.3849,-37.0505,34.4237,-51.4011,-0.366943,38.7544,-3.9705,-21.4905,-33.5272,6.53109,0.469499,16.3628,1.77982,-53.0747,4.97695,0.195747,0,0,0,0,0,0
76,0,0,0,0,0,0,0,0,0,0,0,0,0,0,-5.72629,-37.8344,-50.2419,-39.9107,38.968,-52.4366,1.15061,43.3142,-1.13415,-18.8695,-36.9575,7.1056,1.42491,19.1947,2.80054,-52.8356,3.86302,0.656718,0,0,0,0,0,0
77,0,0,0,0,0,0,0,0,0,0,0,0,0,0,4.07454,5.47086,0.109709,-24.582,12.5327,5.2547,1.23203,45.7288,0.202715,-19.1034,-38.7058,5.48098,1.18502,19.1424,2.73991,-52.4649,3.53874,0.981514,0,0,0,0,0,0
78,0,0,0,0,0,0,0,0,0,0,0,0,0,0,3.91396,5.57925,1.29398,-25.3699,12.4427,5.10144,0.919564,47.8391,-0.0612316,-16.8861,-40.6917,5.54315,1.17884,18.9847,2.69423,-52.5603,3.49888,0.933539,0,0,0,0,0,0
79,0,0,0,0,0,0,0,0,0,0,0,0,0,0,3.91396,5.57925,1.29398,-25.3699,12.4427,5.10144,0.919564,47.8391,-0.0612316,-16.8861,-40.6917,5.54315,1.17884,18.9847,2.69423,-52.5603,3.49888,0.933539,0,0,0,0,0,0
80,0,0,0,0,0,0,0,0,0,0,0,0,0,0,2.76703,5.04775,0.972692,-25.4981,13.0669,4.0038,0.776544,48.4071,0.0592082,-16.7384,-41.3939,5.22189,1.21114,19.7914,2.66803,-52.8425,3.52049,0.597878,0,0,0,0,0,0
81,0,0,0,0,0,0,0,0,0,0,0,0,0,0,3.05593,5.16682,1.44874,-25.7381,12.7364,4.05198,0.561678,49.9845,-0.43778,-15.3755,-42.945,4.91068,0.80097,19.4146,2.42284,-52.9235,3.70898,0.461863,0,0,0,0,0,0
82,0,0,0,0,0,0,0,0,0,0,0,0,0,0,3.06915,5.24174,0.469172,-25.3012,12.7851,4.03134,0.198165,48.628,-0.137985,-16.5439,-41.2502,4.41075,0.840282,20.3861,2.37182,-52.5821,3.09453,0.817856,0,0,0,0,0,0
83,0,0,0,0,0,0,0,0,0,0,0,0,0,0,3.1339,6.11332,2.83901,-25.9957,11.8335,2.69837,0.446022,47.5068,-2.072,-15.6669,-40.4658,5.8656,0.527674,20.6357,1.93599,-52.7646,3.2617,0.695976,0,0,0,0,0,0
84,0,0,0,0,0,0,0,0,0,0,0,0,0,0,3.1339,6.11332,2.83901,-25.9957,11.8335,2.69837,0.446022,47.5068,-2.072,-15.6669,-40.4658,5.8656,0.527674,20.6357,1.93599,-52.7646,3.2617,0.695976,0,0,0,0,0,0
85,0,0,0,0,0,0,0,0,0,0,0,0,0,0,3.1339,6.11332,2.83901,-25.9957,11.8335,2.69837,0.446022,47.5068,-2.072,-15.6669,-40.4658,5.8656,0.527674,20.6357,1.93599,-52.7646,3.2617,0.695976,0,0,0,0,0,0
86,0,0,0,0,0,0,0,0,0,0,0,0,0,0,3.1339,6.11332,2.83901,-25.9957,11.8335,2.69837,0.446022,47.5068,-2.072,-15.6669,-40.4658,5.8656,0.527674,20.6357,1.93599,-52.7646,3.2617,0.695976,0,0,0,0,0,0
87,0,0,0,0,0,0,0,0,0,0,0,0,0,0,3.1339,6.11332,2.83901,-25.9957,11.8335,2.69837,0.446022,47.5068,-2.072,-15.6669,-40.4658,5.8656,0.527674,20.6357,1.93599,-52.7646,3.2617,0.695976,0,0,0,0,0,0
88,0,0,0,0,0,0,0,0,0,0,0,0,0,0,3.1339,6.11332,2.83901,-25.9957,11.8335,2.69837,3.96675,59.6083,-0.0928732,-15.01,-45.2054,7.59207,-2.99305,8.53421,-0.0431315,-53.4215,8.00132,-1.0305,0,0,0,0,0,0
89,0,0,0,0,0,0,0,0,0,0,0,0,0,0,3.1339,6.11332,2.83901,-25.9957,11.8335,2.69837,3.96675,59.6083,-0.0928732,-15.01,-45.2054,7.59207,-2.99305,8.53421,-0.0431315,-53.4215,8.00132,-1.0305,0,0,0,0,0,0
90,0,0,0,0,0,0,0,0,0,0,0,0,0,0,3.1339,6.11332,2.83901,-25.9957,11.8335,2.69837,3.96675,59.6083,-0.0928732,-15.01,-45.2054,7.59207,-2.99305,8.53421,-0.0431315,-53.4215,8.00132,-1.0305,0,0,0,0,0,0
91,0,0,0,0,0,0,0,0,0,0,0,0,0,0,3.1339,6.11332,2.83901,-25.9957,11.8335,2.69837,3.96675,59.6083,-0.0928732,-15.01,-45.2054,7.59207,-2.99305,8.53421,-0.0431315,-53.4215,8.00132,-1.0305,0,0,0,0,0,0
92,0,0,0,0,0,0,0,0,0,0,0,0,0,0,3.1339,6.11332,2.83901,-25.9957,11.8335,2.69837,3.96675,59.6083,-0.0928732,-15.01,-45.2054,7.59207,-2.99305,8.53421,-0.0431315,-53.4215,8.00132,-1.0305,0,0,0,0,0,0
93,0,0,0,0,0,0,0,0,0,0,0,0,0,0,3.1339,6.11332,2.83901,-25.9957,11.8335,2.69837,3.96675,59.6083,-0.0928732,-15.01,-45.2054,7.59207,-2.99305,8.53421,-0.0431315,-53.4215,8.00132,-1.0305,0,0,0,0,0,0
94,0,0,0,0,0,0,0,0,0,0,0,0,0,0,3.1339,6.11332,2.83901,-25.9957,11.8335,2.69837,3.96675,59.6083,-0.0928732,-15.01,-45.2054,7.59207,-2.99305,8.53421,-0.0431315,-53.4215,8.00132,-1.0305,0,0,0,0,0,0
95,0,0,0,0,0,0,0,0,0,0,0,0,0,0,3.1339,6.11332,2.83901,-25.9957,11.8335,2.69837,3.96675,59.6083,-0.0928732,-15.01,-45.2054,7.59207,-2.99305,8.53421,-0.0431315,-53.4215,8.00132,-1.0305,0,0,0,0,0,0
96,0,0,0,0,0,0,0,0,0,0,0,0,0,0,-1.42176,-62.6821,-2.30679,-48.6167,75.7887,-3.89487,3.06236,66.1502,-0.281527,-16.2335,-46.2842,6.04647,-2.08866,1.99239,0.145522,-52.198,9.08017,0.515105,0,0,0,0,0,0
97,0,0,0,0,0,0,0,0,0,0,0,0,0,0,-1.42176,-62.6821,-2.30679,-48.6167,75.7887,-3.89487,3.06236,66.1502,-0.281527,-16.2335,-46.2842,6.04647,-2.08866,1.99239,0.145522,-52.198,9.08017,0.515105,0,0,0,0,0,0
98,0,0,0,0,0,0,0,0,0,0,0,0,0,0,-1.42176,-62.6821,-2.30679,-48.6167,75.7887,-3.89487,0.672562,68.9734,-0.805832,-17.1702,-46.169,4.22521,0.301134,-0.830815,0.669828,-51.2613,8.96494,2.33637,0,0,0,0,0,0
99,0,0,0,0,0,0,0,0,0,0,0,0,0,0,-1.42176,-62.6821,-2.30679,-48.6167,75.7887,-3.89487,0.672562,68.9734,-0.805832,-17.1702,-46.169,4.22521,0.301134,-0.830815,0.669828,-51.2613,8.96494,2.33637,0,0,0,0,0,0
100,0,0,0,0,0,0,0,0,0,0,0,0,0,0,1.15392,3.39303,-2.38675,-29.1808,18.2591,-0.484097,-1.10492,1.15978,-0.0247415,-35.1627,9.29132,3.57312,-0.497066,0.907597,-0.0312987,-52.7047,11.0342,-0.422322,0,0,0,0,0,0
101,0,0,0,0,0,0,0,0,0,0,0,0,0,0,-0.137034,-0.135147,-1.00504,-27.9307,18.4385,0.494578,-0.298519,1.70358,-0.393598,-35.5615,10.0933,2.67826,-0.617483,1.68532,-0.154648,-52.6395,10.7268,-0.328879,0,0,0,0,0,0
102,0,0,0,0,0,0,0,0,0,0,0,0,0,0,0.728539,1.75845,-2.51354,-28.8034,19.4025,-1.0362,-1.44993,0.749338,0.241934,-35.0265,9.31808,3.62734,-0.331648,0.74596,0.718312,-52.3018,10.5379,0.252823,0,0,0,0,0,0
103,0,0,0,0,0,0,0,0,0,0,0,0,0,0,-0.817194,-1.03923,-0.202939,-27.3788,19.9261,-0.198912,-0.582814,-0.00235001,0.273151,-34.8261,11.6036,2.95057,0.797204,0.0346669,0.172298,-51.941,10.8714,0.407419,0,0,0,0,0,0
104,0,0,0,0,0,0,0,0,0,0,0,0,0,0,0.0186682,-0.723602,-0.702392,-27.5331,19.5285,0.624872,0.0261667,0.185337,-0.23637,-35.0569,12.0356,2.68001,0.517025,-0.286215,-0.256776,-51.5257,10.2853,0.890108,0,0,0,0,0,0
105,0,0,0,0,0,0,0,0,0,0,0,0,0,0,-1.84577,-1.13616,-0.769235,-27.3674,20.0061,-2.20395,-0.507382,0.385463,-0.374585,-34.94,11.0311,2.99635,-0.218062,0.0937575,-0.0836458,-51.8098,10.4952,0.411104,0,0,0,0,0,0
106,0,0,0,0,0,0,0,0,0,0,0,0,0,0,0.396623,-0.0829772,-0.981985,-27.7853,18.3722,1.27387,-0.42669,1.0219,-0.419062,-35.1034,10.7115,2.63605,-0.362297,0.962508,-0.352984,-52.3142,10.9547,-0.279443,0,0,0,0,0,0
107,0,0,0,0,0,0,0,0,0,0,0,0,0,0,0.0887248,-0.486484,-0.709233,-27.5341,18.9661,1.02814,-0.442339,1.16893,-0.199881,-35.1186,10.4125,2.75583,-0.163849,1.0369,-0.0348451,-52.0917,10.7099,-0.00880122,0,0,0,0,0,0
108,0,0,0,0,0,0,0,0,0,0,0,0,0,0,0.0887248,-0.486484,-0.709233,-27.5341,18.9661,1.02814,-0.442339,1.16893,-0.199881,-35.1186,10.4125,2.75583,-0.163849,1.0369,-0.0348451,-52.0917,10.7099,-0.00880122,0,0,0,0,0,0
109,0,0,0,0,0,0,0,0,0,0,0,0,0,0,-1.04361,-0.809249,-0.832153,-27.2916,18.961,-0.447761,-0.217246,0.584267,0.0655994,-35.0569,11.5833,2.40633,0.0557878,0.525702,0.219487,-51.7255,10.4848,0.224123,0,0,0,0,0,0
110,0,0,0,0,0,0,0,0,0,0,0,0,0,0,-0.0276626,-0.633692,-0.589392,-27.3104,19.1527,0.947908,-0.125933,0.198676,0.0657936,-34.8323,11.9926,2.68348,0.691476,0.0672263,0.091014,-51.9331,11.1393,0.000988507,0,0,0,0,0,0
111,0,0,0,0,0,0,0,0,0,0,0,0,0,0,0.255402,-0.45003,-1.09024,-27.4384,18.8329,1.12982,-0.120201,0.222671,-0.116061,-34.9248,12.0835,2.43155,0.176752,0.0393761,-0.119312,-51.826,10.8582,0.122338,0,0,0,0,0,0
112,0,0,0,0,0,0,0,0,0,0,0,0,0,0,0.206731,-0.28385,-1.04778,-27.5207,18.6392,1.00358,-0.0843071,0.63475,-0.314689,-34.988,11.5661,2.57662,-0.0445959,0.224534,0.0977263,-52.1914,11.3039,-0.422182,0,0,0,0,0,0
113,0,0,0,0,0,0,0,0,0,0,0,0,0,0,0.219331,-0.270563,-1.16169,-27.4953,18.2356,1.36401,-0.166914,0.707109,-0.190217,-35.0664,11.5102,2.36212,-0.187951,0.899364,-0.120675,-51.9417,10.5808,0.0364013,0,0,0,0,0,0
114,0,0,0,0,0,0,0,0,0,0,0,0,0,0,0.16093,-0.476993,-0.556476,-27.472,19.0954,0.867194,-0.156093,0.790584,-0.163893,-35.1303,11.4924,2.23488,0.0908421,0.688702,0.0562515,-51.848,10.5854,0.111227,0,0,0,0,0,0
115,0,0,0,0,0,0,0,0,0,0,0,0,0,0,0.207607,-0.494634,-0.492692,-27.4549,19.0205,1.12648,-0.136593,0.505708,-0.246386,-35.0027,11.7181,2.36644,0.258665,0.229181,0.0345525,-51.9209,10.9263,-0.0611926,0,0,0,0,0,0
116,0,0,0,0,0,0,0,0,0,0,0,0,0,0,0.136972,-0.500548,-0.723817,-27.4215,18.7316,1.31682,-0.028534,0.277648,-0.130888,-34.9719,12.092,2.4086,0.310358,0.123454,-0.10581,-52.0705,11.1763,-0.26429,0,0,0,0,0,0
117,0,0,0,0,0,0,0,0,0,0,0,0,0,0,0.383027,-0.478754,-0.887087,-27.4641,18.9016,1.40804,0.0692136,0.524391,-0.372772,-35.069,11.7898,2.4908,-0.190505,0.186676,-0.196004,-51.7502,10.6202,0.207516,0,0,0,0,0,0
118,0,0,0,0,0,0,0,0,0,0,0,0,0,0,0.126505,-0.557742,-0.852185,-27.3978,18.7493,1.36249,0.0669205,0.848664,-0.365481,-35.1195,11.3777,2.56095,-0.0589898,0.415747,0.0428272,-52.0032,10.9825,-0.131744,0,0,0,0,0,0
119,0,0,0,0,0,0,0,0,0,0,0,0,0,0,0.126505,-0.557742,-0.852185,-27.3978,18.7493,1.36249,0.0669205,0.848664,-0.365481,-35.1195,11.3777,2.56095,-0.0589898,0.415747,0.0428272,-52.0032,10.9825,-0.131744,0,0,0,0,0,0
120,0,0,0,0,0,0,0,0,0,0,0,0,0,0,0.0450264,-0.466686,-0.876023,-27.4176,18.6717,1.12059,0.00945905,0.716679,-0.192847,-35.0886,11.6137,2.48911,0.16079,0.510592,0.202169,-51.9834,10.8592,-0.0720221,0,0,0,0,0,0
121,0,0,0,0,0,0,0,0,0,0,0,0,0,0,0.0686101,-0.521238,-0.801516,-27.4168,18.5593,1.48641,0.0563999,0.510378,-0.263795,-34.9649,11.6645,2.73839,0.179296,0.112776,0.0302857,-52.0064,11.1509,-0.206007,0,0,0,0,0,0
122,0,0,0,0,0,0,0,0,0,0,0,0,0,0,0.222857,-0.442346,-0.628099,-27.5508,18.8835,1.16682,0.0415549,0.574949,-0.475173,-34.9994,11.5005,2.72621,-0.219353,0.0377816,-0.0563898,-51.6891,10.6589,0.311458,0,0,0,0,0,0
123,0,0,0,0,0,0,0,0,0,0,0,0,0,0,0.212823,-0.526836,-1.01973,-27.4515,19.1355,0.903109,-0.176922,-0.342074,-0.309964,-34.6168,12.4266,2.76,-0.292778,0.584818,0.652194,-52.0411,11.1015,-0.290503,0,0,0,0,0,0
124,0,0,0,0,0,0,0,0,0,0,0,0,0,0,0.212823,-0.526836,-1.01973,-27.4515,19.1355,0.903109,2.04958,-1.48161,-0.679108,-35.5101,14.7183,1.44814,-2.51928,1.72435,1.02134,-51.1479,8.80984,1.02135,0,0,0,0,0,0
125,0,0,0,0,0,0,0,0,0,0,0,0,0,0,0.212823,-0.526836,-1.01973,-27.4515,19.1355,0.903109,2.87583,-3.96186,-0.489691,-34.9182,14.4293,2.3336,-3.34553,4.20461,0.831921,-51.7398,9.09892,0.135892,0,0,0,0,0,0
126,0,0,0,0,0,0,0,0,0,0,0,0,0,0,3.9625,-7.9774,-0.815527,-27.1801,23.0812,1.40336,-1.52014,0.106891,-0.242368,-34.2912,10.5257,2.86825,-2.69924,7.58642,0.3804,-52.6382,9.0568,-0.899007,0,0,0,0,0,0
127,0,0,0,0,0,0,0,0,0,0,0,0,0,0,-2.32634,-1.64055,-0.418201,-26.6748,19.9758,-1.38879,-0.331377,0.0400349,-0.0189242,-34.5265,11.3407,3.31309,-1.60081,9.87117,1.27829,-53.0343,7.90261,-0.752076,0,0,0,0,0,0
128,0,0,0,0,0,0,0,0,0,0,0,0,0,0,0.313751,-0.728045,-1.14255,-27.3189,19.173,1.28121,0.119048,-1.10787,-0.319634,-34.5311,13.2117,3.03363,-1.98374,9.50592,0.245528,-53.1433,8.36933,-0.935186,0,0,0,0,0,0
129,0,0,0,0,0,0,0,0,0,0,0,0,0,0,0.313751,-0.728045,-1.14255,-27.3189,19.173,1.28121,0.119048,-1.10787,-0.319634,-34.5311,13.2117,3.03363,-1.98374,9.50592,0.245528,-53.1433,8.36933,-0.935186,0,0,0,0,0,0
130,0,0,0,0,0,0,0,0,0,0,0,0,0,0,1.77185,-1.27929,-1.15373,-27.9789,20.0879,1.13424,-0.899017,-1.36002,-0.293013,-34.154,12.7284,2.8947,-2.42378,10.3093,0.230081,-52.8604,7.93768,-0.649292,0,0,0,0,0,0
131,0,0,0,0,0,0,0,0,0,0,0,0,0,0,1.77185,-1.27929,-1.15373,-27.9789,20.0879,1.13424,-0.480923,-3.33603,-1.35535,-34.488,13.7306,2.73179,-2.84187,12.2853,1.29242,-52.5265,6.9355,-0.486376,0,0,0,0,0,0
132,0,0,0,0,0,0,0,0,0,0,0,0,0,0,1.77185,-1.27929,-1.15373,-27.9789,20.0879,1.13424,1.16121,-5.89968,-0.918069,-36.1244,16.5573,0.70702,-4.48401,14.849,0.855137,-50.8901,4.10882,1.53839,0,0,0,0,0,0
133,0,0,0,0,0,0,0,0,0,0,0,0,0,0,1.77185,-1.27929,-1.15373,-27.9789,20.0879,1.13424,1.16121,-5.89968,-0.918069,-36.1244,16.5573,0.70702,-4.48401,14.849,0.855137,-50.8901,4.10882,1.53839,0,0,0,0,0,0
134,0,0,0,0,0,0,0,0,0,0,0,0,0,0,1.77185,-1.27929,-1.15373,-27.9789,20.0879,1.13424,1.3735,-12.9801,-0.319518,-35.6388,16.7713,1.98613,-4.6963,21.9294,0.256586,-51.3756,3.89477,0.259284,0,0,0,0,0,0
135,0,0,0,0,0,0,0,0,0,0,0,0,0,0,1.77185,-1.27929,-1.15373,-27.9789,20.0879,1.13424,0.989564,-17.5499,-0.598495,-36.3771,18.566,1.20753,-4.31236,26.4992,0.535562,-50.6374,2.10009,1.03788,0,0,0,0,0,0
136,0,0,0,0,0,0,0,0,0,0,0,0,0,0,1.77185,-1.27929,-1.15373,-27.9789,20.0879,1.13424,0.404278,-21.6379,0.242004,-36.7133,19.554,0.891463,-3.72707,30.5872,-0.304936,-50.3012,1.11206,1.35395,0,0,0,0,0,0
137,0,0,0,0,0,0,0,0,0,0,0,0,0,0,1.77185,-1.27929,-1.15373,-27.9789,20.0879,1.13424,-0.0111941,-26.3556,-0.415952,-34.649,19.2949,3.119,-3.3116,35.3048,0.35302,-52.3654,1.37125,-0.873584,0,0,0,0,0,0
138,0,0,0,0,0,0,0,0,0,0,0,0,0,0,1.77185,-1.27929,-1.15373,-27.9789,20.0879,1.13424,0.463611,-27.4048,-0.40172,-34.3399,19.3163,3.61574,-3.78641,36.3541,0.338788,-52.6745,1.34979,-1.37033,0,0,0,0,0,0
139,0,0,0,0,0,0,0,0,0,0,0,0,0,0,1.77185,-1.27929,-1.15373,-27.9789,20.0879,1.13424,0.463611,-27.4048,-0.40172,-34.3399,19.3163,3.61574,-3.78641,36.3541,0.338788,-52.6745,1.34979,-1.37033,0,0,0,0,0,0
140,0,0,0,0,0,0,0,0,0,0,0,0,0,0,1.77185,-1.27929,-1.15373,-27.9789,20.0879,1.13424,0.838886,-28.3483,-0.0601599,-34.5072,19.4291,3.47809,-4.16168,37.2976,-0.00277221,-52.5073,1.23701,-1.23268,0,0,0,0,0,0
141,0,0,0,0,0,0,0,0,0,0,0,0,0,0,1.59577,-30.1305,-1.90855,-27.4652,27.2219,1.44827,0.70623,-0.0672663,0.231646,-34.7652,12.1276,3.44658,-3.85294,37.8678,0.460241,-52.763,1.4045,-1.51519,0,0,0,0,0,0
142,0,0,0,0,0,0,0,0,0,0,0,0,0,0,1.82977,-30.4964,-1.95474,-27.9691,27.6377,1.225,0.658545,-0.0192044,0.0405129,-34.6066,11.9891,3.4338,-4.03926,38.1856,0.69757,-52.4176,1.12717,-1.27914,0,0,0,0,0,0
143,0,0,0,0,0,0,0,0,0,0,0,0,0,0,1.63293,-30.4672,-1.75317,-27.6224,27.3494,1.73211,0.382331,-0.444099,0.164506,-34.697,12.4884,3.15133,-3.5662,38.5813,0.37201,-52.6739,0.916183,-1.50378,0,0,0,0,0,0
144,0,0,0,0,0,0,0,0,0,0,0,0,0,0,0.505835,-30.1862,-1.56361,-27.8176,26.923,0.923756,1.18778,-1.08725,0.0773188,-34.891,13.2156,3.44302,-3.24455,38.9435,0.269632,-52.2847,0.61543,-0.987122,0,0,0,0,0,0
145,0,0,0,0,0,0,0,0,0,0,0,0,0,0,0.505835,-30.1862,-1.56361,-27.8176,26.923,0.923756,0.33168,-2.39586,0.11074,-36.0852,13.7723,2.22384,-2.38846,40.2521,0.236211,-51.0905,0.0586906,0.232061,0,0,0,0,0,0
146,0,0,0,0,0,0,0,0,0,0,0,0,0,0,0.505835,-30.1862,-1.56361,-27.8176,26.923,0.923756,-1.62415,-7.84257,2.03087,-39.7106,14.9096,-0.826551,-0.432629,45.6988,-1.68392,-47.4651,-1.0786,3.28245,0,0,0,0,0,0
147,0,0,0,0,0,0,0,0,0,0,0,0,0,0,0.505835,-30.1862,-1.56361,-27.8176,26.923,0.923756,-1.62415,-7.84257,2.03087,-39.7106,14.9096,-0.826551,-0.432629,45.6988,-1.68392,-47.4651,-1.0786,3.28245,0,0,0,0,0,0
148,0,0,0,0,0,0,0,0,0,0,0,0,0,0,0.505835,-30.1862,-1.56361,-27.8176,26.923,0.923756,-1.8944,-10.3532,1.53165,-38.7657,14.6386,0.351075,-0.162377,48.2095,-1.1847,-48.41,-0.807642,2.10482,0,0,0,0,0,0
149,0,0,0,0,0,0,0,0,0,0,0,0,0,0,2.31329,0.278548,-0.0310554,-27.9486,17.8323,2.83301,-1.32353,-0.383771,0.966602,-35.2446,13.0233,1.45077,-0.417159,49.8515,-0.276133,-50.482,-0.597312,0.0385238,0,0,0,0,0,0
150,0,0,0,0,0,0,0,0,0,0,0,0,0,0,0.950751,-0.585723,0.174349,-28.1528,19.295,1.37459,-0.621761,-0.120963,0.201926,-34.3793,12.3446,2.77941,-2.57202,50.4945,0.170272,-50.8712,-0.850545,-0.733198,0,0,0,0,0,0
151,0,0,0,0,0,0,0,0,0,0,0,0,0,0,1.26948,-0.467833,-0.244753,-27.8804,19.0969,1.25122,-0.506363,-0.432061,-0.248482,-34.6233,12.8236,1.99865,-4.17068,51.0731,-0.321677,-51.26,-1.19938,-1.38816,0,0,0,0,0,0
152,0,0,0,0,0,0,0,0,0,0,0,0,0,0,0.858904,-0.715355,0.137203,-27.794,19.4331,1.5447,-0.487905,-0.60321,-0.0816485,-34.4359,12.8545,2.38902,-4.86556,51.1814,-0.375981,-51.1568,-1.58612,-1.36631,0,0,0,0,0,0
153,0,0,0,0,0,0,0,0,0,0,0,0,0,0,2.27784,-0.152527,-0.172173,-28.0348,18.5678,1.98132,-0.313299,-1.53553,0.146459,-34.5065,14.0083,2.39676,-5.50401,51.798,0.258855,-51.1793,-2.19573,-1.60975,0,0,0,0,0,0
154,0,0,0,0,0,0,0,0,0,0,0,0,0,0,3.53515,1.39386,-0.742073,-27.9749,17.809,2.70004,-0.419211,-2.54504,0.713615,-35.0575,14.4096,1.99468,-5.3981,52.8075,-0.3083,-50.6284,-2.59701,-1.20767,0,0,0,0,0,0
155,0,0,0,0,0,0,0,0,0,0,0,0,0,0,4.11033,3.12873,-0.841199,-28.144,17.1859,2.33722,-1.15207,-4.12722,1.43885,-35.6724,14.593,1.47798,-4.66524,54.3897,-1.03354,-50.0135,-2.78037,-0.690964,0,0,0,0,0,0
156,0,0,0,0,0,0,0,0,0,0,0,0,0,0,4.13751,0.303416,1.91523,-30.3006,17.5578,2.27855,-0.346436,-0.679354,-1.35268,-33.3271,13.2136,2.50995,-4.31797,55.5403,-0.177248,-50.3938,-2.92131,-1.16343,0,0,0,0,0,0
157,0,0,0,0,0,0,0,0,0,0,0,0,0,0,0.991643,-0.719039,0.504046,-28.2744,19.3663,1.26891,0.276267,-0.0947938,0.00237845,-34.6875,12.2835,2.48297,-4.421,56.4771,0.183755,-50.2316,-2.95374,-1.18451,0,0,0,0,0,0
158,0,0,0,0,0,0,0,0,0,0,0,0,0,0,0.991643,-0.719039,0.504046,-28.2744,19.3663,1.26891,0.276267,-0.0947938,0.00237845,-34.6875,12.2835,2.48297,-4.421,56.4771,0.183755,-50.2316,-2.95374,-1.18451,0,0,0,0,0,0
159,0,0,0,0,0,0,0,0,0,0,0,0,0,0,2.73839,-0.717803,1.57317,-29.517,19.189,1.49737,-0.749223,-0.828531,-1.56431,-33.5925,13.3411,1.90989,-5.2119,55.5887,-1.08717,-49.3191,-2.68268,-0.498589,0,0,0,0,0,0
160,0,0,0,0,0,0,0,0,0,0,0,0,0,0,1.8307,-1.8952,0.00177244,-28.9595,19.6175,-0.535186,0.274428,0.461142,-1.65085,-33.9958,13.331,1.53567,-6.23555,54.299,-1.00063,-48.9158,-2.67257,-0.124373,0,0,0,0,0,0
161,0,0,0,0,0,0,0,0,0,0,0,0,0,0,1.8307,-1.8952,0.00177244,-28.9595,19.6175,-0.535186,0.153369,1.77381,-1.61381,-33.6361,13.3588,1.68566,-6.11449,52.9864,-1.03766,-49.2754,-2.70036,-0.274363,0,0,0,0,0,0
162,0,0,0,0,0,0,0,0,0,0,0,0,0,0,1.8307,-1.8952,0.00177244,-28.9595,19.6175,-0.535186,0.891688,3.7586,-1.14137,-34.431,13.5838,0.843939,-6.85281,51.0016,-1.5101,-48.4806,-2.92531,0.567358,0,0,0,0,0,0
163,0,0,0,0,0,0,0,0,0,0,0,0,0,0,1.8307,-1.8952,0.00177244,-28.9595,19.6175,-0.535186,1.23155,5.90551,-1.09619,-34.7889,13.6994,0.193882,-7.19267,48.8547,-1.55528,-48.1226,-3.04093,1.21742,0,0,0,0,0,0
164,0,0,0,0,0,0,0,0,0,0,0,0,0,0,1.8307,-1.8952,0.00177244,-28.9595,19.6175,-0.535186,2.95078,8.98135,-0.593259,-36.0933,13.9679,-1.34334,-8.9119,45.7788,-2.05822,-46.8182,-3.30949,2.75463,0,0,0,0,0,0
165,0,0,0,0,0,0,0,0,0,0,0,0,0,0,1.8307,-1.8952,0.00177244,-28.9595,19.6175,-0.535186,3.21067,12.5424,-0.21149,-35.3135,13.4961,-1.0152,-9.1718,42.2178,-2.43999,-47.5981,-2.83769,2.42649,0,0,0,0,0,0
166,0,0,0,0,0,0,0,0,0,0,0,0,0,0,1.8307,-1.8952,0.00177244,-28.9595,19.6175,-0.535186,3.21067,12.5424,-0.21149,-35.3135,13.4961,-1.0152,-9.1718,42.2178,-2.43999,-47.5981,-2.83769,2.42649,0,0,0,0,0,0
167,0,0,0,0,0,0,0,0,0,0,0,0,0,0,1.8307,-1.8952,0.00177244,-28.9595,19.6175,-0.535186,3.21067,12.5424,-0.21149,-35.3135,13.4961,-1.0152,-9.1718,42.2178,-2.43999,-47.5981,-2.83769,2.42649,0,0,0,0,0,0
168,0,0,0,0,0,0,0,0,0,0,0,0,0,0,1.8307,-1.8952,0.00177244,-28.9595,19.6175,-0.535186,3.21067,12.5424,-0.21149,-35.3135,13.4961,-1.0152,-9.1718,42.2178,-2.43999,-47.5981,-2.83769,2.42649,0,0,0,0,0,0
169,0,0,0,0,0,0,0,0,0,0,0,0,0,0,1.8307,-1.8952,0.00177244,-28.9595,19.6175,-0.535186,3.21067,12.5424,-0.21149,-35.3135,13.4961,-1.0152,-9.1718,42.2178,-2.43999,-47.5981,-2.83769,2.42649,0,0,0,0,0,0
170,0,0,0,0,0,0,0,0,0,0,0,0,0,0,1.8307,-1.8952,0.00177244,-28.9595,19.6175,-0.535186,3.21067,12.5424,-0.21149,-35.3135,13.4961,-1.0152,-9.1718,42.2178,-2.43999,-47.5981,-2.83769,2.42649,0,0,0,0,0,0
171,0,0,0,0,0,0,0,0,0,0,0,0,0,0,6.17366,-60.759,0.425011,-30.5657,33.5533,8.1077,-2.94379,57.5684,-3.63131,-32.2308,3.15891,-2.43187,-3.01733,-2.80824,0.979836,-50.6807,7.49954,3.84316,0,0,0,0,0,0
172,0,0,0,0,0,0,0,0,0,0,0,0,0,0,-0.960701,-3.56629,-4.37037,-27.6049,19.8654,5.1154,1.16614,-4.56234,0.778298,-35.7285,16.8749,1.79198,0.00709357,2.12982,1.3656,-50.1437,7.47137,2.61162,0,0,0,0,0,0
173,0,0,0,0,0,0,0,0,0,0,0,0,0,0,-0.960701,-3.56629,-4.37037,-27.6049,19.8654,5.1154,1.16614,-4.56234,0.778298,-35.7285,16.8749,1.79198,0.00709357,2.12982,1.3656,-50.1437,7.47137,2.61162,0,0,0,0,0,0
174,0,0,0,0,0,0,0,0,0,0,0,0,0,0,-0.37679,-0.0211182,-1.4285,-29.0519,19.7674,-2.10109,1.11396,2.68853,-0.942536,-35.0061,7.45693,6.49014,0.0981127,5.23087,-0.0704681,-51.0688,7.19246,2.59701,0,0,0,0,0,0
175,0,0,0,0,0,0,0,0,0,0,0,0,0,0,-0.37679,-0.0211182,-1.4285,-29.0519,19.7674,-2.10109,3.55939,4.33495,-0.942144,-33.6623,4.74744,9.7069,-2.34732,3.58445,-0.0708596,-52.4126,9.90196,-0.619744,0,0,0,0,0,0
176,0,0,0,0,0,0,0,0,0,0,0,0,0,0,-0.37679,-0.0211182,-1.4285,-29.0519,19.7674,-2.10109,4.44515,8.05303,-2.18069,-34.3114,4.6439,8.97349,-3.23308,-0.133628,1.16769,-51.7635,10.0055,0.113666,0,0,0,0,0,0
177,0,0,0,0,0,0,0,0,0,0,0,0,0,0,-0.0562073,-0.704102,-1.0315,-28.14,20.3342,-0.818943,-0.556594,-1.24892,-1.02034,-34.1684,11.0136,5.08175,-0.0144714,-1.39576,0.807661,-51.3298,10.486,1.27044,0,0,0,0,0,0
178,0,0,0,0,0,0,0,0,0,0,0,0,0,0,-0.956394,-1.91123,-1.8036,-28.0412,19.0411,1.75649,-0.849188,-0.939873,-0.366869,-34.1385,11.766,3.23201,1.17831,-0.497675,0.926295,-51.4585,11.0268,0.544744,0,0,0,0,0,0
179,0,0,0,0,0,0,0,0,0,0,0,0,0,0,-0.956394,-1.91123,-1.8036,-28.0412,19.0411,1.75649,0.210444,-3.05212,0.139579,-34.4263,13.7457,2.387,0.118677,1.61458,0.419848,-51.1707,9.04704,1.38976,0,0,0,0,0,0
180,0,0,0,0,0,0,0,0,0,0,0,0,0,0,-0.1306,-0.141301,-0.826897,-27.9873,18.7716,0.0273643,0.149121,1.63709,-0.395915,-35.1661,9.76672,3.59986,-1.06064,2.95609,-0.249172,-52.0484,9.74869,0.0848298,0,0,0,0,0,0
181,0,0,0,0,0,0,0,0,0,0,0,0,0,0,0.300571,-1.56429,0.589887,-26.8633,21.1142,1.59231,0.331929,-1.51829,-0.477243,-34.1277,13.7127,3.45183,-0.989522,1.40448,0.920198,-52.286,11.191,-0.531954,0,0,0,0,0,0
182,0,0,0,0,0,0,0,0,0,0,0,0,0,0,0.300571,-1.56429,0.589887,-26.8633,21.1142,1.59231,0.331929,-1.51829,-0.477243,-34.1277,13.7127,3.45183,-0.989522,1.40448,0.920198,-52.286,11.191,-0.531954,0,0,0,0,0,0
183,0,0,0,0,0,0,0,0,0,0,0,0,0,0,0.300571,-1.56429,0.589887,-26.8633,21.1142,1.59231,0.331929,-1.51829,-0.477243,-34.1277,13.7127,3.45183,-0.989522,1.40448,0.920198,-52.286,11.191,-0.531954,0,0,0,0,0,0
184,0,0,0,0,0,0,0,0,0,0,0,0,0,0,0.300571,-1.56429,0.589887,-26.8633,21.1142,1.59231,0.331929,-1.51829,-0.477243,-34.1277,13.7127,3.45183,-0.989522,1.40448,0.920198,-52.286,11.191,-0.531954,0,0,0,0,0,0
185,0,0,0,0,0,0,0,0,0,0,0,0,0,0,0.300571,-1.56429,0.589887,-26.8633,21.1142,1.59231,4.15194,-15.9889,0.861845,-34.8758,18.9898,2.79218,-4.80953,15.8751,-0.418891,-51.5379,5.91392,0.127696,0,0,0,0,0,0
186,0,0,0,0,0,0,0,0,0,0,0,0,0,0,3.85494,-21.9966,0.425426,-26.3742,29.7154,1.79606,0.156132,1.32624,-0.261065,-34.9014,10.5934,2.95225,-4.36809,18.9922,0.868481,-52.0014,5.70916,-0.236121,0,0,0,0,0,0
187,0,0,0,0,0,0,0,0,0,0,0,0,0,0,3.85494,-21.9966,0.425426,-26.3742,29.7154,1.79606,1.46632,-0.732526,-0.160107,-35.8357,11.8262,1.88676,-5.67828,21.051,0.767523,-51.0671,4.47634,0.829365,0,0,0,0,0,0
188,0,0,0,0,0,0,0,0,0,0,0,0,0,0,3.85494,-21.9966,0.425426,-26.3742,29.7154,1.79606,2.65384,-4.68446,1.82119,-35.9337,13.0059,2.137,-6.8658,25.0029,-1.21377,-50.9691,3.29658,0.579128,0,0,0,0,0,0
189,0,0,0,0,0,0,0,0,0,0,0,0,0,0,3.85494,-21.9966,0.425426,-26.3742,29.7154,1.79606,1.81388,-8.11173,1.49521,-35.6226,12.7175,2.57346,-6.02584,28.4302,-0.887797,-51.2803,3.58502,0.142667,0,0,0,0,0,0
190,0,0,0,0,0,0,0,0,0,0,0,0,0,0,3.85494,-21.9966,0.425426,-26.3742,29.7154,1.79606,0.859433,-10.3748,0.148196,-35.1587,12.2512,3.09369,-5.0714,30.6932,0.459219,-51.7442,4.05136,-0.377558,0,0,0,0,0,0
191,0,0,0,0,0,0,0,0,0,0,0,0,0,0,3.85494,-21.9966,0.425426,-26.3742,29.7154,1.79606,0.470478,-11.82,0.340875,-34.4534,11.8507,3.96891,-4.68244,32.1385,0.266541,-52.4494,4.45184,-1.25279,0,0,0,0,0,0
192,0,0,0,0,0,0,0,0,0,0,0,0,0,0,3.85494,-21.9966,0.425426,-26.3742,29.7154,1.79606,1.01313,-12.9644,0.99314,-34.1752,11.8662,4.32057,-5.22509,33.2829,-0.385725,-52.7276,4.43632,-1.60445,0,0,0,0,0,0
193,0,0,0,0,0,0,0,0,0,0,0,0,0,0,3.85494,-21.9966,0.425426,-26.3742,29.7154,1.79606,1.01313,-12.9644,0.99314,-34.1752,11.8662,4.32057,-5.22509,33.2829,-0.385725,-52.7276,4.43632,-1.60445,0,0,0,0,0,0
194,0,0,0,0,0,0,0,0,0,0,0,0,0,0,3.85494,-21.9966,0.425426,-26.3742,29.7154,1.79606,1.5424,-15.1137,0.812952,-34.149,13.0628,4.59278,-5.75437,35.4322,-0.205536,-52.7538,3.23969,-1.87665,0,0,0,0,0,0
195,0,0,0,0,0,0,0,0,0,0,0,0,0,0,3.85494,-21.9966,0.425426,-26.3742,29.7154,1.79606,1.78605,-16.9435,1.57525,-35.3429,14.1541,3.42657,-5.99801,37.262,-0.967837,-51.5599,2.14843,-0.710442,0,0,0,0,0,0
196,0,0,0,0,0,0,0,0,0,0,0,0,0,0,3.85494,-21.9966,0.425426,-26.3742,29.7154,1.79606,1.85437,-19.0771,1.41472,-36.3696,14.7567,2.56779,-6.06633,39.3956,-0.807301,-50.5333,1.54581,0.148342,0,0,0,0,0,0
197,0,0,0,0,0,0,0,0,0,0,0,0,0,0,3.85494,-21.9966,0.425426,-26.3742,29.7154,1.79606,1.90516,-21.5199,1.3255,-37.4428,15.4991,1.69474,-6.11713,41.8383,-0.718087,-49.4601,0.80337,1.02139,0,0,0,0,0,0
198,0,0,0,0,0,0,0,0,0,0,0,0,0,0,3.85494,-21.9966,0.425426,-26.3742,29.7154,1.79606,1.90516,-21.5199,1.3255,-37.4428,15.4991,1.69474,-6.11713,41.8383,-0.718087,-49.4601,0.80337,1.02139,0,0,0,0,0,0
199,0,0,0,0,0,0,0,0,0,0,0,0,0,0,3.85494,-21.9966,0.425426,-26.3742,29.7154,1.79606,1.16686,-24.4486,1.9285,-37.6528,15.8006,1.54984,-5.37882,44.7671,-1.32108,-49.25,0.501963,1.16628,0,0,0,0,0,0
200,0,0,0,0,0,0,0,0,0,0,0,0,0,0,3.85494,-21.9966,0.425426,-26.3742,29.7154,1.79606,0.738332,-26.7038,1.94211,-37.6657,15.8049,1.72161,-4.95029,47.0223,-1.33469,-49.2371,0.497658,0.99452,0,0,0,0,0,0
201,0,0,0,0,0,0,0,0,0,0,0,0,0,0,2.51347,0.353347,-0.22031,-27.8477,17.6964,2.82121,-1.25035,0.795155,0.727507,-35.2257,12.0111,1.24403,-4.03861,48.361,-0.0296247,-51.0666,0.926428,-0.846374,0,0,0,0,0,0
202,0,0,0,0,0,0,0,0,0,0,0,0,0,0,3.46997,0.459606,-0.371068,-28.3805,17.5808,2.50888,-1.60246,0.529083,0.17921,-34.6919,12.2094,1.23278,-4.94061,48.5546,0.167246,-50.8276,0.679854,-0.955298,0,0,0,0,0,0
203,0,0,0,0,0,0,0,0,0,0,0,0,0,0,3.46997,0.459606,-0.371068,-28.3805,17.5808,2.50888,-0.878925,0.695982,0.913692,-34.9219,12.8359,1.05786,-5.66415,48.3877,-0.567236,-50.5977,0.0532932,-0.78038,0,0,0,0,0,0
204,0,0,0,0,0,0,0,0,0,0,0,0,0,0,1.27997,-0.617243,-0.811619,-27.4047,19.3466,1.1601,-0.366044,-1.06104,0.295719,-34.7194,13.596,2.20951,-5.73432,48.0109,-0.448438,-51.2616,-0.280871,-1.19892,0,0,0,0,0,0
205,0,0,0,0,0,0,0,0,0,0,0,0,0,0,1.98252,-0.266271,-0.558892,-27.5812,18.6543,2.19515,0.0853947,-0.819111,0.506817,-34.943,13.2992,2.39905,-5.05128,48.2626,-0.116485,-51.8614,-0.480423,-1.63877,0,0,0,0,0,0
206,0,0,0,0,0,0,0,0,0,0,0,0,0,0,1.55508,-0.271484,-0.401608,-27.5865,18.7619,1.88695,-0.318099,-0.376724,0.578653,-34.9928,12.8729,2.09765,-4.67465,48.8092,-0.195663,-51.7421,-0.556747,-1.54806,0,0,0,0,0,0
207,0,0,0,0,0,0,0,0,0,0,0,0,0,0,1.12556,-0.662054,0.0644404,-27.8597,19.3377,1.51537,-0.22064,0.0346358,-0.0220635,-34.5283,12.239,2.34835,-4.16038,49.0401,-0.475458,-51.598,-0.350076,-1.38859,0,0,0,0,0,0
208,0,0,0,0,0,0,0,0,0,0,0,0,0,0,1.72351,-0.154877,-0.194272,-28.0753,18.7808,1.4548,-0.533307,0.0817531,0.0618826,-34.4045,12.2797,2.41136,-4.44567,48.4858,-0.300692,-51.5063,0.166138,-1.39102,0,0,0,0,0,0
209,0,0,0,0,0,0,0,0,0,0,0,0,0,0,1.72351,-0.154877,-0.194272,-28.0753,18.7808,1.4548,0.39819,1.09107,0.949763,-36.0386,12.557,1.01169,-5.37717,47.4765,-1.18857,-49.8721,-0.111215,0.00864434,0,0,0,0,0,0
210,0,0,0,0,0,0,0,0,0,0,0,0,0,0,1.72351,-0.154877,-0.194272,-28.0753,18.7808,1.4548,2.32292,3.59339,2.17368,-38.7712,13.3426,-1.75766,-7.30189,44.9742,-2.41249,-47.1396,-0.896735,2.77799,0,0,0,0,0,0
211,0,0,0,0,0,0,0,0,0,0,0,0,0,0,1.72351,-0.154877,-0.194272,-28.0753,18.7808,1.4548,2.32292,3.59339,2.17368,-38.7712,13.3426,-1.75766,-7.30189,44.9742,-2.41249,-47.1396,-0.896735,2.77799,0,0,0,0,0,0
212,0,0,0,0,0,0,0,0,0,0,0,0,0,0,1.72351,-0.154877,-0.194272,-28.0753,18.7808,1.4548,2.32292,3.59339,2.17368,-38.7712,13.3426,-1.75766,-7.30189,44.9742,-2.41249,-47.1396,-0.896735,2.77799,0,0,0,0,0,0
213,0,0,0,0,0,0,0,0,0,0,0,0,0,0,1.72351,-0.154877,-0.194272,-28.0753,18.7808,1.4548,2.32292,3.59339,2.17368,-38.7712,13.3426,-1.75766,-7.30189,44.9742,-2.41249,-47.1396,-0.896735,2.77799,0,0,0,0,0,0
214,0,0,0,0,0,0,0,0,0,0,0,0,0,0,1.72351,-0.154877,-0.194272,-28.0753,18.7808,1.4548,2.32292,3.59339,2.17368,-38.7712,13.3426,-1.75766,-7.30189,44.9742,-2.41249,-47.1396,-0.896735,2.77799,0,0,0,0,0,0
215,0,0,0,0,0,0,0,0,0,0,0,0,0,0,1.72351,-0.154877,-0.194272,-28.0753,18.7808,1.4548,2.32292,3.59339,2.17368,-38.7712,13.3426,-1.75766,-7.30189,44.9742,-2.41249,-47.1396,-0.896735,2.77799,0,0,0,0,0,0
216,0,0,0,0,0,0,0,0,0,0,0,0,0,0,1.72351,-0.154877,-0.194272,-28.0753,18.7808,1.4548,-2.52528,51.4981,-0.599774,-35.6577,5.0302,-3.39518,-2.45369,-2.93053,0.360965,-50.253,7.41563,4.41552,0,0,0,0,0,0
217,0,0,0,0,0,0,0,0,0,0,0,0,0,0,-4.71589,51.6292,-2.32802,-28.3676,5.7682,-1.53045,-0.304667,-1.72659,0.890574,-34.3472,14.2661,2.64474,1.76509,-1.48994,1.00437,-51.2712,11.1923,1.36085,0,0,0,0,0,0
218,0,0,0,0,0,0,0,0,0,0,0,0,0,0,-4.71589,51.6292,-2.32802,-28.3676,5.7682,-1.53045,-0.304667,-1.72659,0.890574,-34.3472,14.2661,2.64474,1.76509,-1.48994,1.00437,-51.2712,11.1923,1.36085,0,0,0,0,0,0
219,0,0,0,0,0,0,0,0,0,0,0,0,0,0,7.83651,31.5174,73.3199,-34.4722,37.1476,38.2481,-10.3649,12.1912,-73.5109,-28.3876,-13.3496,-38.1239,-0.727108,4.70406,-0.242121,-51.1262,7.42861,2.351,0,0,0,0,0,0
220,0,0,0,0,0,0,0,0,0,0,0,0,0,0,7.83651,31.5174,73.3199,-34.4722,37.1476,38.2481,-8.36519,13.2905,-73.5148,-27.2877,-15.648,-35.462,-2.72679,3.60476,-0.238237,-52.2261,9.72699,-0.31089,0,0,0,0,0,0
221,0,0,0,0,0,0,0,0,0,0,0,0,0,0,7.83651,31.5174,73.3199,-34.4722,37.1476,38.2481,-7.60496,16.7008,-75.1795,-28.1541,-15.2162,-36.6102,-3.48702,0.194398,1.42647,-51.3597,9.29522,0.837301,0,0,0,0,0,0
222,0,0,0,0,0,0,0,0,0,0,0,0,0,0,-2.78881,50.9734,-0.857895,-28.6611,9.56481,-3.7106,-0.527545,-1.05317,-0.452859,-34.2151,11.18,4.72425,0.0608866,-1.50753,0.877673,-51.1099,10.4818,1.46148,0,0,0,0,0,0
223,0,0,0,0,0,0,0,0,0,0,0,0,0,0,-4.13463,50.174,-1.17533,-28.3129,7.50502,-1.24726,-0.404584,-0.754479,-0.185819,-34.1914,12.167,3.3028,1.28375,-1.00688,0.928066,-51.4817,11.5545,0.419587,0,0,0,0,0,0
224,0,0,0,0,0,0,0,0,0,0,0,0,0,0,-4.13463,50.174,-1.17533,-28.3129,7.50502,-1.24726,1.18706,-2.66518,0.373811,-34.6483,14.4188,2.2083,-0.307896,0.903816,0.368435,-51.0248,9.30281,1.51408,0,0,0,0,0,0
225,0,0,0,0,0,0,0,0,0,0,0,0,0,0,-0.125197,45.6124,-1.36804,-26.9107,10.2833,0.305069,-1.20839,0.789353,0.781433,-34.8167,10.3688,2.70445,-1.92188,2.01095,0.153521,-52.2587,10.5746,-0.534386,0,0,0,0,0,0
226,0,0,0,0,0,0,0,0,0,0,0,0,0,0,-0.125197,45.6124,-1.36804,-26.9107,10.2833,0.305069,-1.20839,0.789353,0.781433,-34.8167,10.3688,2.70445,-1.92188,2.01095,0.153521,-52.2587,10.5746,-0.534386,0,0,0,0,0,0
227,0,0,0,0,0,0,0,0,0,0,0,0,0,0,-0.125197,45.6124,-1.36804,-26.9107,10.2833,0.305069,-2.04234,2.44114,0.170426,-35.5812,10.9371,1.43643,-1.08793,0.359163,0.764529,-51.4941,10.0063,0.733632,0,0,0,0,0,0
228,0,0,0,0,0,0,0,0,0,0,0,0,0,0,-0.33779,-0.981497,-0.779114,-27.3182,19.3405,0.766846,-0.0663208,-0.354692,-0.0331979,-34.3403,11.7486,3.7379,0.875561,-0.551018,0.773667,-51.8039,11.5892,0.0365374,0,0,0,0,0,0
229,0,0,0,0,0,0,0,0,0,0,0,0,0,0,-1.97713,-1.38526,-1.32003,-27.1762,19.5091,-1.4693,-0.333827,-0.34773,-0.105888,-34.3128,11.3936,3.85948,0.586695,-0.318467,0.459121,-51.5949,11.0817,0.435254,0,0,0,0,0,0
230,0,0,0,0,0,0,0,0,0,0,0,0,0,0,-0.415109,-3.09141,-0.992551,-26.7261,21.1323,-1.35239,-0.471521,0.290444,0.0455321,-34.639,10.5979,3.82343,-0.837629,0.749504,-0.0197736,-51.7188,10.2543,0.354391,0,0,0,0,0,0
231,0,0,0,0,0,0,0,0,0,0,0,0,0,0,0.112693,-0.414285,-0.870224,-27.6135,18.7387,1.11024,-0.0663417,1.28587,-0.194904,-35.041,10.4046,3.12171,-1.11345,1.58663,-0.117105,-52.239,10.7631,-0.335669,0,0,0,0,0,0
232,0,0,0,0,0,0,0,0,0,0,0,0,0,0,-2.30508,-1.35199,-0.0592866,-27.1928,19.9637,-1.98982,-0.583276,0.461874,0.503615,-34.6911,10.6966,3.49361,-0.957544,1.46337,0.253495,-51.8439,10.2937,0.271138,0,0,0,0,0,0
233,0,0,0,0,0,0,0,0,0,0,0,0,0,0,-1.9269,-1.15683,-1.1153,-27.3131,18.9584,-1.12526,-0.440806,-0.0286746,0.321925,-34.5298,11.4028,3.44037,-0.168065,0.319496,0.853876,-51.6099,10.6538,0.461998,0,0,0,0,0,0
234,0,0,0,0,0,0,0,0,0,0,0,0,0,0,0.130666,-0.745469,-0.920633,-27.4332,18.9973,1.47398,0.376629,0.106549,-0.428976,-34.6587,11.6753,3.57281,0.331391,0.0312082,0.249557,-51.5983,10.8926,0.362769,0,0,0,0,0,0
235,0,0,0,0,0,0,0,0,0,0,0,0,0,0,0.130666,-0.745469,-0.920633,-27.4332,18.9973,1.47398,0.376629,0.106549,-0.428976,-34.6587,11.6753,3.57281,0.331391,0.0312082,0.249557,-51.5983,10.8926,0.362769,0,0,0,0,0,0
236,0,0,0,0,0,0,0,0,0,0,0,0,0,0,-0.406674,-0.691657,-0.554546,-27.6443,19.382,0.126101,-0.37919,-0.0299753,-0.584386,-34.5586,11.2413,3.37,-0.321718,0.0393251,0.237277,-51.8378,10.84,0.101144,0,0,0,0,0,0
237,0,0,0,0,0,0,0,0,0,0,0,0,0,0,0.322719,-0.419932,-0.602563,-27.6139,18.6733,1.75936,-0.159817,1.03364,-0.493321,-34.7787,10.1889,3.55675,-0.415911,1.19399,0.3172,-52.4678,11.5834,-0.68381,0,0,0,0,0,0
238,0,0,0,0,0,0,0,0,0,0,0,0,0,0,-0.586282,-0.694873,-0.12595,-27.5227,19.315,0.27774,-0.304565,0.430144,0.253399,-34.7099,10.9797,3.40518,-0.289427,0.868923,0.421192,-52.0288,10.8543,-0.126178,0,0,0,0,0,0
239,0,0,0,0,0,0,0,0,0,0,0,0,0,0,-0.204302,-0.762061,-0.540243,-27.39,18.9602,1.26064,0.131409,0.242703,-0.198706,-34.7966,11.854,3.03704,0.056504,0.330433,0.39675,-51.7085,10.6446,0.412655,0,0,0,0,0,0
240,0,0,0,0,0,0,0,0,0,0,0,0,0,0,0.0493292,-0.613722,-1.01662,-27.5175,18.8016,1.29707,0.348932,0.212808,-0.422031,-34.8008,11.8182,3.32754,0.085266,0.136389,0.357819,-51.984,11.0945,-0.0525294,0,0,0,0,0,0
241,0,0,0,0,0,0,0,0,0,0,0,0,0,0,-0.0459953,-0.551212,-1.02158,-27.5475,18.702,1.17063,0.0389611,0.396965,-0.464785,-34.7676,11.3991,3.23506,-0.516861,0.297949,0.274638,-51.9089,10.9373,0.0472368,0,0,0,0,0,0
242,0,0,0,0,0,0,0,0,0,0,0,0,0,0,0.176057,-0.457946,-0.648861,-27.6097,18.742,1.45166,0.0302994,0.764168,-0.395328,-34.7656,10.6157,3.63677,-0.196196,0.81348,0.225568,-52.3848,11.5257,-0.636766,0,0,0,0,0,0
243,0,0,0,0,0,0,0,0,0,0,0,0,0,0,0.176057,-0.457946,-0.648861,-27.6097,18.742,1.45166,0.0302994,0.764168,-0.395328,-34.7656,10.6157,3.63677,-0.196196,0.81348,0.225568,-52.3848,11.5257,-0.636766,0,0,0,0,0,0
244,0,0,0,0,0,0,0,0,0,0,0,0,0,0,-0.0491438,-0.667839,-0.376456,-27.5485,19.1613,1.03602,0.122282,0.719578,-0.403281,-34.8978,11.0344,3.24772,-0.223773,0.480943,0.332144,-51.6707,10.5897,0.403898,0,0,0,0,0,0
245,0,0,0,0,0,0,0,0,0,0,0,0,0,0,-0.0491438,-0.667839,-0.376456,-27.5485,19.1613,1.03602,0.122282,0.719578,-0.403281,-34.8978,11.0344,3.24772,-0.223773,0.480943,0.332144,-51.6707,10.5897,0.403898,0,0,0,0,0,0
246,0,0,0,0,0,0,0,0,0,0,0,0,0,0,0.119859,-0.610319,-0.910201,-27.5229,18.7246,1.57418,0.189874,0.527096,-0.64073,-34.7885,11.1962,3.40424,-0.216279,0.167385,0.391504,-51.8841,11.0174,0.10917,0,0,0,0,0,0
247,0,0,0,0,0,0,0,0,0,0,0,0,0,0,0.0308825,-0.536713,-1.00323,-27.4722,18.4943,1.60226,0.263675,0.503926,-0.105764,-34.8859,11.5823,3.22488,-0.236152,0.525218,0.112174,-52.2762,11.3484,-0.477096,0,0,0,0,0,0
248,0,0,0,0,0,0,0,0,0,0,0,0,0,0,0.324584,-0.31834,-0.686432,-27.6916,18.4682,1.73288,0.146472,0.523258,-0.107516,-34.8442,11.2958,3.34563,-0.287924,0.773164,0.00218508,-51.9167,10.6144,0.169114,0,0,0,0,0,0
249,0,0,0,0,0,0,0,0,0,0,0,0,0,0,0.206624,-0.372448,-0.47733,-27.6242,18.6981,1.45053,0.115752,0.600275,-0.287323,-34.8865,11.3831,3.08786,-0.093827,0.515909,0.433549,-51.9862,10.9898,-0.0370495,0,0,0,0,0,0
250,0,0,0,0,0,0,0,0,0,0,0,0,0,0,-0.13228,-0.537752,-0.958119,-27.5223,18.4787,1.27863,0.433038,0.476462,-0.0651431,-34.9377,11.7691,3.21393,-0.194192,0.402826,0.12461,-51.8236,10.732,0.158498,0,0,0,0,0,0
251,0,0,0,0,0,0,0,0,0,0,0,0,0,0,-0.00132024,-0.745957,-0.615456,-27.4599,19.0296,1.40957,0.326913,0.596197,-0.418626,-34.9059,11.3255,3.29204,-0.447734,0.286547,0.0638278,-51.6373,10.5149,0.478686,0,0,0,0,0,0
252,0,0,0,0,0,0,0,0,0,0,0,0,0,0,0.151741,-0.604287,-0.421805,-27.5779,19.0388,1.42456,0.404848,0.68449,-0.636401,-34.8904,11.0737,3.54088,-0.581774,0.252129,0.124272,-51.7136,10.6249,0.317335,0,0,0,0,0,0
253,0,0,0,0,0,0,0,0,0,0,0,0,0,0,0.196336,-0.556927,-0.806043,-27.5797,18.7828,1.51613,0.299107,0.730613,-0.416237,-34.9259,11.1243,3.34228,-0.262263,0.522146,0.326495,-51.8489,10.7488,0.167965,0,0,0,0,0,0
254,0,0,0,0,0,0,0,0,0,0,0,0,0,0,0.309288,-0.535859,-0.495054,-27.5269,18.8572,1.8161,0.191986,0.735508,-0.405751,-34.8767,11.0631,3.30657,-0.10469,0.440523,0.393477,-52.0534,11.1886,-0.208569,0,0,0,0,0,0
255,0,0,0,0,0,0,0,0,0,0,0,0,0,0,0.0988674,-0.624699,-0.575336,-27.5681,18.917,1.44968,0.268351,0.68063,-0.491807,-34.8767,11.0457,3.46301,-0.200309,0.328295,0.24986,-52.0225,11.0138,-0.105544,0,0,0,0,0,0
256,0,0,0,0,0,0,0,0,0,0,0,0,0,0,0.25265,-0.603676,-0.471273,-27.5526,18.9082,1.78474,0.24121,0.689828,-0.631318,-34.8431,10.9593,3.48858,-0.256906,0.157064,0.28769,-52.0144,11.2225,-0.158418,0,0,0,0,0,0
257,0,0,0,0,0,0,0,0,0,0,0,0,0,0,0.25265,-0.603676,-0.471273,-27.5526,18.9082,1.78474,0.24121,0.689828,-0.631318,-34.8431,10.9593,3.48858,-0.256906,0.157064,0.28769,-52.0144,11.2225,-0.158418,0,0,0,0,0,0
258,0,0,0,0,0,0,0,0,0,0,0,0,0,0,0.055207,-0.547643,-0.911469,-27.5163,18.5108,1.60213,0.282922,0.594797,-0.347267,-34.8939,11.3356,3.28092,-0.116128,0.349021,0.274643,-51.9523,10.9694,0.0346257,0,0,0,0,0,0
259,0,0,0,0,0,0,0,0,0,0,0,0,0,0,0.173151,-0.577645,-0.462902,-27.5189,18.8104,1.74779,0.499474,0.782476,-0.481152,-34.9289,11.1534,3.48994,-0.394329,0.368458,0.163258,-51.7663,10.7441,0.201454,0,0,0,0,0,0
260,0,0,0,0,0,0,0,0,0,0,0,0,0,0,-0.0964021,-0.612978,-0.823959,-27.472,18.6931,1.30382,0.405365,0.700079,-0.349341,-34.9177,11.294,3.36585,-0.32246,0.385665,0.192341,-51.7903,10.8246,0.144245,0,0,0,0,0,0
261,0,0,0,0,0,0,0,0,0,0,0,0,0,0,0.0903169,-0.60173,-0.511703,-27.5349,18.9848,1.37035,0.254529,0.596569,-0.569759,-34.8306,11.1396,3.42118,-0.368605,0.206991,0.336574,-51.8703,10.8732,0.0957214,0,0,0,0,0,0
262,0,0,0,0,0,0,0,0,0,0,0,0,0,0,0.338369,-0.676955,-0.416916,-27.5666,19.345,1.46903,0.00992078,0.532471,-0.674139,-34.7745,10.8415,3.43863,-0.234047,0.426382,0.12671,-51.9671,10.9304,-0.0229273,0,0,0,0,0,0
